,author,body,created,id,parentId,subreddit,url,link,selftext,title
0,its_never_ogre_,Munger Hall,2022-09-23 07:15:55+00:00,t1_ipkld8l,t3_xlawlb,UCSantaBarbara,https://old.reddit.com/r/UCSantaBarbara/comments/xlawlb/reading_spots/ipkld8l/,,,
4,garster25,"Not for the move-in part. And you only get 1 parking pass (you can pay for parking for the other).

Santa Catalina has 2 stages since they took out the parking lot to build San Joaquin.

First stage is at a warehouse (where the Munger Hall mockup is) out on Storke road. At that point you get checked in and we vet you with the ""parking pass"" you got/will get in the mail.

The second stage is on the side of the road out front were you unload, drop your stuff in your room then get outta there. We wont let two cars got to stage 2, and if the second care shows up they will kick them out since that spot can be used by someone else.

Many students say goodbye at this point and stay put as their families leave, others leave and cruise around with their families and came back later in the evening.

Thousands of cars piling thru that weekend, we need as few as possible and get them in and out as soon as possible. There is just no room, it is a circus.

If you are bringing two cars for all the people it is best not to, say goodbye at home then bring 1 or 2 other people. But if the second car is coming anyways have them hang out somewhere away from campus while you move in, then go meet them away from campus.",2022-09-10 21:35:38+00:00,t1_inworg9,t3_xaltqq,UCSantaBarbara,https://old.reddit.com/r/UCSantaBarbara/comments/xaltqq/move_in_day_question/inworg9/,,,
5,No-Battle-440,Because UCSB intentionally violated this plan to get Munger Hall and Munger money. They are directly linked. UCSB could have gone with other potential housing projects but chose not to.,2022-09-01 23:08:41+00:00,t1_imq4s06,t1_immi5tl,UCSantaBarbara,https://old.reddit.com/r/UCSantaBarbara/comments/x2txeg/ucsb_getting_sued_for_not_supplying_housing_by/imq4s06/,,,
8,CovertMidget,I think Munger Hall would be a steak that gives you food poisoning,2022-09-01 16:56:57+00:00,t1_imojp3v,t1_imn3ew9,UCSantaBarbara,https://old.reddit.com/r/UCSantaBarbara/comments/x2txeg/ucsb_getting_sued_for_not_supplying_housing_by/imojp3v/,,,
9,Logical_Deviation,Well Munger Hall will definitely be getting built,2022-09-01 07:25:36+00:00,t1_immqlwi,t3_x2txeg,UCSantaBarbara,https://old.reddit.com/r/UCSantaBarbara/comments/x2txeg/ucsb_getting_sued_for_not_supplying_housing_by/immqlwi/,,,
10,ZP__ZP__,Why are people blaming this and Munger Hall at the same time‚Ä¶?,2022-09-01 05:38:59+00:00,t1_immi5tl,t3_x2txeg,UCSantaBarbara,https://old.reddit.com/r/UCSantaBarbara/comments/x2txeg/ucsb_getting_sued_for_not_supplying_housing_by/immi5tl/,,,
11,0fficerRando,Just another reason for the university to build Munger Hall.,2022-09-01 04:09:00+00:00,t1_imm9jsl,t3_x2txeg,UCSantaBarbara,https://old.reddit.com/r/UCSantaBarbara/comments/x2txeg/ucsb_getting_sued_for_not_supplying_housing_by/imm9jsl/,,,
17,ooftears,"the way that the ft north tower is in comparison to south tower is kinda confusing and you‚Äôll see once you arrive. you‚Äôll see once you get there, but basically you‚Äôre on the same level as the ft pool, which is on the ground floor/floor 0. 

you‚Äôre not living in a *basement* basement, but on the same floor as the laundry room and the pool. window view will still have sunlight and will show the view of the outside world (unlike munger hall *cough*)",2022-08-22 22:21:51+00:00,t1_ildpmuw,t1_ildpduk,UCSantaBarbara,https://old.reddit.com/r/UCSantaBarbara/comments/wv56ph/i_just_got_placed_in_ft_as_a_freshman_how_do_i/ildpmuw/,,,
20,slugslog,"not really, munger hall is the worst thing. dumdum",2022-08-03 20:13:29+00:00,t1_iitrg0p,t3_wdiins,UCSantaBarbara,https://old.reddit.com/r/UCSantaBarbara/comments/wdiins/there_are_worse_things_than_munger_hall/iitrg0p/,,,
21,pconrad0,"Oh, and if there *were* a massive HVAC failure in Munger Hall (e.g. extended power outage + emergency generator failure) where are you going to put FOUR THOUSAND PEOPLE on short notice?

A residential building that *cannot be occupied safely without power* in probably one of the most moderate climates in North America, possibly the world?  In an era where systems are failing with increasing frequency?  

It just doesn't make any sense.",2022-08-03 01:46:24+00:00,t1_iiq661o,t1_iikt8q9,UCSantaBarbara,https://old.reddit.com/r/UCSantaBarbara/comments/wdiins/there_are_worse_things_than_munger_hall/iiq661o/,,,
22,just-a-parent,"Singles would be great. I don‚Äôt think anyone denies that. UCSB signed an agreement committing to only doubles (with some minimal construction exceptions) in a long range development plan, but UCSB ignored their promises to build on campus property. Now, the situation is so dire that even this crazy plan seems ok. It shouldn‚Äôt be, and they should be forced to go back to their original plan. 

Sleeping in darkness is also healthy and improves sleep quality.

But exposure to natural, broad spectrum light is also healthy upon wakening, and this wouldn‚Äôt be available to the 4000-5000 students until they both left the bedroom/bathroom and common pod area. That delay means reduced hours of lighting (and a delayed phase) compared to kids who have curtains they can open or even light exposure from a bathroom or kitchen/dining window. Is it ok for 500, 1000, or maybe more students to experience reduced sleep quality (brought on by phase changes), depression, or reduced cognitive ability? If we could know a priori which students would be resistant to the effects of Munger Hall, maybe a case could be made for it, but we don‚Äôt have a way to do that. 

This also ignores the insane cost of Munger ‚Äî comparing apples to apples prepandemic pricing, it comes at a record-breaking price per bed. 

The building also has what are some really poor choices. The shower situation doesn‚Äôt seem much improved from dorms (8 students per shower). This is adopted so you can have pod kitchens, but given that there is so much non-pod common space, too, wouldn‚Äôt this room be better spent in providing more bathrooms or even some kind of light/ventilation access?",2022-08-01 22:31:29+00:00,t1_iikgrat,t3_wdiins,UCSantaBarbara,https://old.reddit.com/r/UCSantaBarbara/comments/wdiins/there_are_worse_things_than_munger_hall/iikgrat/,,,
23,drdfrster64,"Very good post, firstnamelastname with 3 comments account created right after munger hall announcement. 

In reality probably just some new freshman who's in horror of not being able to have her own room again.",2022-08-01 22:04:44+00:00,t1_iikcx1x,t1_iiiegre,UCSantaBarbara,https://old.reddit.com/r/UCSantaBarbara/comments/wdiins/there_are_worse_things_than_munger_hall/iikcx1x/,,,
24,Downtown_Cabinet7950,"Different things work well for different people. Munger Hall seems to be particularly polarizing, and people are downright offended if you don't take their opinion. I would love it (I am more sleep disturbed by roommates than lack of light, plus I love spending as much time away from the house as possible). So much for being respective of alternate opinions.",2022-08-01 20:40:50+00:00,t1_iik00a7,t3_wdiins,UCSantaBarbara,https://old.reddit.com/r/UCSantaBarbara/comments/wdiins/there_are_worse_things_than_munger_hall/iik00a7/,,,
26,Conscious_Cream5100,"What is worse is that our peers came up with a better plan:

UCSB students schooled administrators on how to build more dorms ‚Äî with actual windows https://www.latimes.com/entertainment-arts/newsletter/2022-06-04/ucsb-student-alternative-plan-to-munger-hall-essential-arts",2022-08-01 16:53:02+00:00,t1_iij0gjg,t3_wdiins,UCSantaBarbara,https://old.reddit.com/r/UCSantaBarbara/comments/wdiins/there_are_worse_things_than_munger_hall/iij0gjg/,,,
27,RickJames_SortsbyNew,"the fact that the school currently has everyone in triples is the school's fault, and it's not how it used to be. the school has increased enrollment for years without proportionally icnreasing the dorm space.

for you to let the university get away with that malpractice by saying munger hall is better than the everyone being in triples is just pathetic. fuck the university and fuck munger. 

don't give in to the bullshit and keep the university accountable for the commitments they made a long time ago. ucsb was supposed to have more dorms and fewer students at this time, but instead they enrolled more students, made fewer dorms, and raised tuition and fees while doing it.",2022-08-01 15:08:01+00:00,t1_iiikeq8,t3_wdiins,UCSantaBarbara,https://old.reddit.com/r/UCSantaBarbara/comments/wdiins/there_are_worse_things_than_munger_hall/iiikeq8/,,,
29,domingotarde,"When I first saw the headline *dorm theft* I thought:

Omg, did someone steal Munger Hall already?

Do you think they'll catch the guy?",2022-08-01 04:30:01+00:00,t1_iigxkkb,t3_wd4ere,UCSantaBarbara,https://old.reddit.com/r/UCSantaBarbara/comments/wd4ere/dorm_theft/iigxkkb/,,,
30,Downtown_Cabinet7950,"This will be another unpopular post because group think is so strong these days.

The mental health response of lack of light is not uniform through the population. I grew up at the 54th parallel. At the winter solstice our sun rose at 9am and set at 4pm. You could put as many damn windows on my bedroom as possible, I wasn't getting natural light when I got home from school. The summer/winter solstice is part of the culture there. Some people have intense mental responses. Some have none. I was in the none camp. 

In fact my mental health due to lack sleep got MUCH worse when I moved to to 30th parallel for UG. I am EXTREMELY noise sensitive and sharing a room with two people was torture for me (snoring, different sleep schedules, etc.). I also like studying in common areas. I would chose Munger Hall over a conventional dorm 100 times. I would combat the pod feeling and lack of natural light by only spending my sleeping hours in my pod. 

The thing is, this is a benefit to everyone. If I choose Munger (which is my choice and true preference), that frees up a bed in a conventional dorm. 

For a Research University, we sure like to throw around ""years of research"" and ""well studied"" without actually citing shit. Here is a Peer Reviewed article from 2022 from the Journal of Sleep Research. It actually finds the exact opposite ""A greater cumulative light exposure over ‚â•1 year was associated with a shorter sleep duration (Œ≤ = ‚àí0.10, 95% confidence interval \[CI\] ‚àí0.15 to ‚àí0.04), more sleep problems (incident rate ratio \[IRR\] 1.04, 95% CI 1.0‚Äì1.07) and diurnal preference towards eveningness (Œ≤ = ‚àí0.09, 95% CI ‚àí0.14 to ‚àí0.03). ""  


The link is to UCSB Library, so you either need to be a student or buy the article. 

[Source: Long‚Äêterm cumulative light exposure from the natural environment and sleep: A cohort study](https://search.library.ucsb.edu/permalink/01UCSB_INST/1876c7q/cdi_swepub_primary_oai_prod_swepub_kib_ki_se_148067077)",2022-07-28 17:49:24+00:00,t1_ii0o987,t1_ihyb43c,UCSantaBarbara,https://old.reddit.com/r/UCSantaBarbara/comments/w9q9d8/mixed_reviews_of_ucsbs_munger_hall_mockup_the/ii0o987/,,,
31,Responsible-Leg-6558,Let‚Äôs have the board directors live in Munger Hall for a month and see if they like it. Maybe they‚Äôll decide against Munger Hall after seeing it for themselves.,2022-07-28 03:23:20+00:00,t1_ihy14gx,t3_w9q9d8,UCSantaBarbara,https://old.reddit.com/r/UCSantaBarbara/comments/w9q9d8/mixed_reviews_of_ucsbs_munger_hall_mockup_the/ihy14gx/,,,
34,shrekluver,IMO I think Munger Hall would be significantly better than a majority of the apartments in IV and it would be cheaper too,2022-07-15 02:19:08+00:00,t1_ig7nuhp,t1_ig2ln3q,UCSantaBarbara,https://old.reddit.com/r/UCSantaBarbara/comments/vxv2hl/french_quarters_suck/ig7nuhp/,,,
35,intheshadowz08,Just wait for munger hall. French quarter will seem like a dream,2022-07-14 01:36:57+00:00,t1_ig2ln3q,t3_vxv2hl,UCSantaBarbara,https://old.reddit.com/r/UCSantaBarbara/comments/vxv2hl/french_quarters_suck/ig2ln3q/,,,
40,adoreswomen,"I hate Munger Hall so much I started a fb group just for trashing it.  Please join everyone.  I'm a prof there.

https://www.facebook.com/groups/702540834445893/?ref=share


Or for UCSB in particular

https://www.facebook.com/groups/1788020074735557/?ref=share",2022-06-22 07:46:31+00:00,t1_ida391h,t3_vhiyek,UCSantaBarbara,https://old.reddit.com/r/UCSantaBarbara/comments/vhiyek/found_some_munger_hall_floor_plans/ida391h/,,,
41,Otherwise_Package607,students can sign up to tour the replica and give their feedback. https://sam.ucsb.edu/campus-planning-design/current-projects/munger-hall/tour,2022-06-22 03:59:38+00:00,t1_id9kf9u,t3_vhiyek,UCSantaBarbara,https://old.reddit.com/r/UCSantaBarbara/comments/vhiyek/found_some_munger_hall_floor_plans/id9kf9u/,,,
43,ooftears,if you go on the munger hall tours that ucsb has all summer there are floor plans for the bottom and top floor as well,2022-06-21 18:06:34+00:00,t1_id7iuzd,t3_vhiyek,UCSantaBarbara,https://old.reddit.com/r/UCSantaBarbara/comments/vhiyek/found_some_munger_hall_floor_plans/id7iuzd/,,,
45,All-things-urbanism,"There are a lot of urban planning classes in the Geography, ES, and Art History/Architecture department! The ES 135B class just did a mock planning hearing for Munger Hall that you can check out online (it was live-streamed)! As an aspiring urban planner, I‚Äôd love to answer any other questions you have :)",2022-06-13 01:48:44+00:00,t1_ic5m62q,t3_varylc,UCSantaBarbara,https://old.reddit.com/r/UCSantaBarbara/comments/varylc/urban_planning_classes/ic5m62q/,,,
46,asceticbadger,At least you‚Äôre not in Munger Hall.,2022-06-12 16:01:15+00:00,t1_ic3ljp0,t3_vaiyg1,UCSantaBarbara,https://old.reddit.com/r/UCSantaBarbara/comments/vaiyg1/terrible_roommates/ic3ljp0/,,,
50,frankklinnn,"They won‚Äôt have a stay in Munger Hall. Munger will is expected to open in Fall 2025, when most current students on campus have graduated.",2022-06-02 20:38:28+00:00,t1_iayeuue,t1_iaurdjf,UCSantaBarbara,https://old.reddit.com/r/UCSantaBarbara/comments/v2np0u/so_wtf_is_this_ucsb_administration_trying_to/iayeuue/,,,
51,CommanderALT,"I really hope these suggestions are taken to heart. If the alternatives are significantly superior to the original plan and used in place of it, \*then\* I won't be in opposition to Munger Hall.",2022-06-02 05:28:28+00:00,t1_iavoovl,t1_iav2etx,UCSantaBarbara,https://old.reddit.com/r/UCSantaBarbara/comments/v2xs1t/munger_hall_panel_going_on_tonight/iavoovl/,,,
52,SydMicTrow,"I lived in trop freshman year which is basically one apartment with a single, double, and quad all sharing the same area. I was in the quad which i hated. I'm super antisocial and would have chosen to live in a munger hall single if I had the chance, BUT I was extremely depressed and would have been way more isolated (and honestly would have self-harmed) if I actually had a room like that at the time. In my opinion, kids who have anxiety/depression are some of the people that will want the singles the most and that really worries me. The only thing that got me out of my dorm was escaping all my roommates, so I can't even imagine what things would've been like if I could've holed myself up in a little single, especially one with no windows or anything.

Who knows what will actually happen but this is my biggest worry about the whole thing.",2022-06-02 02:16:22+00:00,t1_iav4yvp,t1_iau26tw,UCSantaBarbara,https://old.reddit.com/r/UCSantaBarbara/comments/v2np0u/so_wtf_is_this_ucsb_administration_trying_to/iav4yvp/,,,
54,Count_Sack_McGee,"There are a lot of arguments I understand against Munger Hall but the fire code one escapes me.  There is no way you can build in California on a state school campus without insane levels of safety codes and such.  There‚Äôs no way that wasn‚Äôt considered, it‚Äôs just not how our state works.",2022-06-02 00:27:47+00:00,t1_iaurea9,t1_iatgg17,UCSantaBarbara,https://old.reddit.com/r/UCSantaBarbara/comments/v2np0u/so_wtf_is_this_ucsb_administration_trying_to/iaurea9/,,,
55,zelisca,GradDiv talked about it at the latest GSA meeting. GradDiv itself doesn't seem on board. They are now saying that the plan is to have grad students in Munger Hall as well,2022-06-01 23:45:48+00:00,t1_iaum34b,t1_iaujt3o,UCSantaBarbara,https://old.reddit.com/r/UCSantaBarbara/comments/v2np0u/so_wtf_is_this_ucsb_administration_trying_to/iaum34b/,,,
56,zelisca,"Housing is prepared to create more traditional housing, if they get the greenlight, which would be constructed much faster (1-2 years). They can't do it though unless the upper admin kill Munger Hall.",2022-06-01 21:45:46+00:00,t1_iau6k5r,t3_v2np0u,UCSantaBarbara,https://old.reddit.com/r/UCSantaBarbara/comments/v2np0u/so_wtf_is_this_ucsb_administration_trying_to/iau6k5r/,,,
57,FreakOfNatureMGTOW,I wouldve been down for munger hall freshmen year. Fuck living in a triple thats worse than no windows,2022-06-01 21:13:48+00:00,t1_iau26tw,t3_v2np0u,UCSantaBarbara,https://old.reddit.com/r/UCSantaBarbara/comments/v2np0u/so_wtf_is_this_ucsb_administration_trying_to/iau26tw/,,,
58,ProfessionalCalm4251,Don‚Äôt forget there is a munger hall event today from 6:30-9:30 in Campbell hall,2022-06-01 19:58:30+00:00,t1_iatrd82,t3_v2np0u,UCSantaBarbara,https://old.reddit.com/r/UCSantaBarbara/comments/v2np0u/so_wtf_is_this_ucsb_administration_trying_to/iatrd82/,,,
60,andylm1,Dw we got munger hall!,2022-05-29 03:30:58+00:00,t1_iadzufz,t3_uzpb10,UCSantaBarbara,https://old.reddit.com/r/UCSantaBarbara/comments/uzpb10/is_there_a_housing_crisis_at_ucsb/iadzufz/,,,
62,NoahSmithStanAccount,it would be nice if munger hall wasn‚Äôt so ridiculous‚Ä¶,2022-05-22 00:09:43+00:00,t1_i9iaxj9,t1_i9i97u1,UCSantaBarbara,https://old.reddit.com/r/UCSantaBarbara/comments/uusw71/establish_municipality_enact_rent_control_eat_the/i9iaxj9/,,,
63,mungerhall,"Hi so fucking alone at this school, I'm munger hall",2022-05-19 19:04:37+00:00,t1_i98jwez,t3_uszkk5,UCSantaBarbara,https://old.reddit.com/r/UCSantaBarbara/comments/uszkk5/brurhrhrh_im_so_fucking_alone_at_this_school/i98jwez/,,,
64,framejunkie,"There is no housing. Locals are already hurting enough finding a crash pad. Hotels are full of students that can't find housing. Others live in their cars.

Until the suicide dorm (Munger Hall) is constructed, it's going to be rough for a long time.

Seriously. Good luck.",2022-05-15 03:45:32+00:00,t1_i8nnjoy,t3_uokr2h,UCSantaBarbara,https://old.reddit.com/r/UCSantaBarbara/comments/uokr2h/im_transferring_to_ucsb_and_will_be_a_junior/i8nnjoy/,,,
65,semaforic,Munger Hall aka Dormzilla,2022-05-04 05:08:12+00:00,t1_i799c54,t3_uhy6du,UCSantaBarbara,https://old.reddit.com/r/UCSantaBarbara/comments/uhy6du/see_14_people_living_in_one_house_on_dp_to_still/i799c54/,,,
72,RedCaul,Isn‚Äôt munger hall the one that isn‚Äôt going to have any windows tho? And there doesn‚Äôt seem to be any fine print on that page‚Äîunless it is in invisible ink; unfortunately it seems like the consensus at this time is that it is false marketing,2022-04-23 18:31:09+00:00,t1_i5wne0w,t1_i5wmqvh,UCSantaBarbara,https://old.reddit.com/r/UCSantaBarbara/comments/ua9vj4/does_anyone_here_know_if_ucsb_is_actually/i5wne0w/,,,
73,marcussba,I would strongly suggest you check for fine print and then keep a copy of this as well as a lawyer on retainer.  There doesn't seem to be any way this is mathematically possible unless they airdrop a fully completed Munger Hall onto campus within 2 years.,2022-04-23 18:26:24+00:00,t1_i5wmqvh,t3_ua9vj4,UCSantaBarbara,https://old.reddit.com/r/UCSantaBarbara/comments/ua9vj4/does_anyone_here_know_if_ucsb_is_actually/i5wmqvh/,,,
75,schnorp_oboy,"Yes, I have the impression that the structure gets some of the most dedicated and engaged AS folks administering programs. Where is the advocacy? UCSB students suffered some major insults this year from UCSB administrative decisions. With the money AS has, I would expect student leadership to throw cash at shutting down, say, Munger Hall. It's like the organization somehow muffles its capacity to be the voice of the students.",2022-04-14 13:38:28+00:00,t1_i4p67wc,t1_i4noj4h,UCSantaBarbara,https://old.reddit.com/r/UCSantaBarbara/comments/u2z3a8/ucsbs_as_spending_is_getting_out_of_hand/i4p67wc/,,,
76,ProgressiveVoiceShow,Munger hall supporters rise up üò§üò§üò§,2022-04-11 09:03:38+00:00,t1_i49sq12,t3_u131zq,UCSantaBarbara,https://old.reddit.com/r/UCSantaBarbara/comments/u131zq/munger_hall_will_be_a_good_dorm/i49sq12/,,,
79,icietlabas,Another interesting question is how many students applied for UCSB housing and didn't get a contract.  UCSB should share that number.  Especially if they want people to like the idea of Munger Hall.,2022-04-07 15:14:25+00:00,t1_i3rsd59,t3_tydh59,UCSantaBarbara,https://old.reddit.com/r/UCSantaBarbara/comments/tydh59/what_of_students_are_unable_to_secure_housing/i3rsd59/,,,
81,Technical-Cap-433,I see. I just need to look into housing more. I know Munger Hall has drawn loads of controversy for various reasons but nothing is set in stone.,2022-04-01 18:15:58+00:00,t1_i30i57g,t1_i303arg,UCSantaBarbara,https://old.reddit.com/r/UCSantaBarbara/comments/ttkl8y/just_went_on_tour_and_had_some_questions/i30i57g/,,,
85,Agitated-Big7618,"Get a double (or a single) if you like space and you don't like roommates. Get a triple if don't like space and you like roommate. Yes, triples are crowded, but it could be worth it if your roommates are ""good"". But if you don't know who your roommates are going to be, you can't say if they're good or not. So you might as well just think about space and average roommates. 

If you actually want a double, sign up for FSSP (freshman summer start). This will get you a double (in San Nic) over the summer and you are likely to keep it for the rest of the year (assuming you don't leave san nic). 

If you don't do FSSP you can assume you'll get a triple regardless of what you put as your preference. Unless they build munger hall, in which case you can assume you'll get a closet with half a bed.",2022-03-16 18:35:50+00:00,t1_i0x0hzr,t3_tfnwcw,UCSantaBarbara,https://old.reddit.com/r/UCSantaBarbara/comments/tfnwcw/first_time_freshman_dorm_opinions/i0x0hzr/,,,
94,semaforic,While you‚Äôre at it please also protest Munger Hall,2022-03-06 06:58:22+00:00,t1_hzjtajz,t3_t7ozwc,UCSantaBarbara,https://old.reddit.com/r/UCSantaBarbara/comments/t7ozwc/come_out_to_the_rally_on_monday/hzjtajz/,,,
96,g0ldf1sh183,munger hall will be completed by fall 2025 btw,2022-03-02 02:09:26+00:00,t1_hyztnhc,t3_t4jfco,UCSantaBarbara,https://old.reddit.com/r/UCSantaBarbara/comments/t4jfco/ocean_road_bike_underpass_project_delayed_another/hyztnhc/,,,
97,Algacrain,"People really out here not realizing that munger hall is a failure of socialism, only a creation of these shitty regulations, zoning laws, and just general government mismanagement, that makes the only market solution this dystopian prison hellscape",2022-02-28 20:49:42+00:00,t1_hytqfyy,t3_qqefej,UCSantaBarbara,https://old.reddit.com/r/UCSantaBarbara/comments/qqefej/the_anticapitalist_league_picked_up_on_the_munger/hytqfyy/,,,
99,Some-Lawyer-594,More likely it makes quick approval and construction of Munger Hall alternatives more possible.,2022-02-25 17:43:31+00:00,t1_hyen1q5,t3_t0f9j5,UCSantaBarbara,https://old.reddit.com/r/UCSantaBarbara/comments/t0f9j5/mainly_about_ucb_but_could_this_clear_the_way_for/hyen1q5/,,,
100,just-a-parent,"While some kids will be ok without natural lighting, there *will* be a decent amount of students affected by lack of natural light. There are decades of sleep research that show how important lighting is for mood (the more outwardly obvious effect) but also general health, so even some of the students not obviously affected might actually have other health effects. 

Munger has proposed a light in the rooms that supposedly will mimic natural light, but apparently it was too expensive to have this automated, so it would need to be manually turned on. First, no one has tested if his artificial light (automated or manual) proposed really works enough to prevent health issues, and secondly, the manual light will still affect sleep cycle since it won‚Äôt come on early enough for late-shifted sleepers etc. 

Also, think about if you wake up at 3am in your current dorm/apartment ‚Äî you know it‚Äôs not time to get up simply by it being dark, ie no sliver of light coming in your window. Without natural light cues, our bodies are disoriented. Many of your cells, it turns out, aren‚Äôt getting the right cues either.

I agree that many students would love a small single, but at what cost to student health? Out of the 4500 occupants, there would be hundreds with obvious issues if not more, and Munger Hall is planned primarily for freshmen, so the students housed there are already experiencing the stress from transitioning to college. 

If Munger continues as proposed, I think it will be a legal problem down the road when a chunk of students start having problems.",2022-02-25 07:09:45+00:00,t1_hycpydt,t1_hy9rmao,UCSantaBarbara,https://old.reddit.com/r/UCSantaBarbara/comments/t0gyrx/what_is_so_bad_about_munger_halls/hycpydt/,,,
101,pyrokinecis,"I‚Äôm absolutely not trying to be disrespectful or anything, but am genuinely curious: Has something new happened recently, or is this just a continuation of the Munger Hall controversy? The poster makes it sound like the group is protesting the rent prices in Santa Barbara as a whole rather than the UCSB community, so I was just a bit confused and hoping for clarification :)",2022-02-25 06:32:26+00:00,t1_hycmpna,t3_t0u7x6,UCSantaBarbara,https://old.reddit.com/r/UCSantaBarbara/comments/t0u7x6/friday_11am_at_the_chem_lawn_rent_is_too_damn/hycmpna/,,,
102,domingotarde,"If there is an extended power outage, say after a major earthquake, Munger Hall would have to be evacuated; with no natural ventilation available.

And: evacuated to where exactly?

4500 students all ... suddenly couch surfing?",2022-02-25 05:25:38+00:00,t1_hycga74,t3_t0gyrx,UCSantaBarbara,https://old.reddit.com/r/UCSantaBarbara/comments/t0gyrx/what_is_so_bad_about_munger_halls/hycga74/,,,
105,Errgghhhhh,"IIRC, it only has 2 entrances/exits for like 4500 students? If that's correct, that is an outrageous fire code violation for hopefully obvious reasons.

Futhermore, anyone who has lived in a windowless room(see: other Munger hall in UMich) will tell you it feels psychologically damaging in a way not easily understandable/describable.

I have a friend who lived in a windowless apartment in a different school in the fall, and he felt    anxious and extremely claustrophobic inside.  Natural light matters.",2022-02-24 20:36:48+00:00,t1_hyaf0cu,t3_t0gyrx,UCSantaBarbara,https://old.reddit.com/r/UCSantaBarbara/comments/t0gyrx/what_is_so_bad_about_munger_halls/hyaf0cu/,,,
106,Forensicswaifu,that‚Äôs why they‚Äôve got munger hall to use for the future üëçüèΩ,2022-02-24 19:57:02+00:00,t1_hya8kn0,t1_hya8boz,UCSantaBarbara,https://old.reddit.com/r/UCSantaBarbara/comments/t0i0jl/uc_santa_barbara_receives_110991_freshman/hya8kn0/,,,
107,Siliybob,"Think about all of the times you spent 10 minutes finding a spot in the library. Now double the amount of undergraduates. It's not just the claustrophobia of Munger Hall that will be a challenge, it's retrofitting the entire campus to accommodate double the undergraduate students as well. When you take everything into account your quality of life starts to seem pretty shitty. 

The justification is that you have your own desk and room in your munger hall dorm, but then you are undermining the idea that it will be a community environment, and most people will move out after their freshman year, so they will be forced to study at home etc. It is a very poorly planned way to solve an issue and basically reflects a strategy to collect tuition and fix problems later.",2022-02-24 19:21:42+00:00,t1_hya2y81,t1_hya03hw,UCSantaBarbara,https://old.reddit.com/r/UCSantaBarbara/comments/t0gyrx/what_is_so_bad_about_munger_halls/hya2y81/,,,
108,ilikestarfruit,"No, this would be a good thing.  ‚ÄúEnvironmental Review‚Äù is a misnomer in CA, written by and for conservatives, and generally has a net negative impact on the environment.

Munger hall wouldn‚Äôt be stopped by it anyways, since its backed by big money.",2022-02-24 18:43:04+00:00,t1_hy9wsyk,t3_t0f9j5,UCSantaBarbara,https://old.reddit.com/r/UCSantaBarbara/comments/t0f9j5/mainly_about_ucb_but_could_this_clear_the_way_for/hy9wsyk/,,,
109,SignificantPeach7,I understand your point. What I was saying is that the triple was anyways not a great standard of living so I don‚Äôt know why the munger hall is being protested so heavily against. My dorm had the bed so high up and close to the ceiling that if I sat up I would definitely hit my head on the ceiling. There were other issues as well to the point that I would consider a single dorm in the munger hall to be just as bad as living in a triple and maybe even better so I was just confused why people were so against the munger hall.,2022-02-24 18:26:35+00:00,t1_hy9u6yk,t1_hy9tg6x,UCSantaBarbara,https://old.reddit.com/r/UCSantaBarbara/comments/t0gyrx/what_is_so_bad_about_munger_halls/hy9u6yk/,,,
110,SignificantPeach7,"the lack of natural light would be the main problem imo, but other than that I actually think the munger hall dorms are okay and a lot better than the triple because you can have the room to yourself and the floor is on the bed. If there was natural light I think it would be a good dorm.",2022-02-24 18:10:35+00:00,t1_hy9rmao,t1_hy9r9qh,UCSantaBarbara,https://old.reddit.com/r/UCSantaBarbara/comments/t0gyrx/what_is_so_bad_about_munger_halls/hy9rmao/,,,
111,Downtown_Cabinet7950,"There are many regulatory hurdles Munger Hall would need to overcome. This would only remove portions of CEQA as it relates to enrollment numbers.

Specially, it would disallow treating students as sources of pollution. The building itself would still need to be assessed for environment impacts (on top of all potential code issues and other regulatory issues).

Enrollment is a tricky one. The state hasn‚Äôt built enough UCs to keep up with population increases. With limited budget, increasing existing UC enrollment is no doubt the more cost efficient option. Other options like banning OOS enrollment or international students has an impact on the prestige of the UC system (you want the best global minds and you want diverse backgrounds/experiences).

I agree with the law. Treating enrollment increases as environmental damage is BS. If those students don‚Äôt attend Berkeley, they will attend another school. I‚Äôm Enviromental policy we call this leakage.

Neighborhoods should have some say in how their local university impacts their town, but they shouldn‚Äôt bastardize an environmental act to do so. We should all recognize our failure as a state to grow our education system adequately to meet a growing student age population (a completely separate matter).",2022-02-24 17:43:00+00:00,t1_hy9n6kq,t3_t0f9j5,UCSantaBarbara,https://old.reddit.com/r/UCSantaBarbara/comments/t0f9j5/mainly_about_ucb_but_could_this_clear_the_way_for/hy9n6kq/,,,
131,CowardlyGoblin,I don't wanna end up in munger hall either so careful who you trade with pal,2022-02-15 04:25:24+00:00,t1_hwzvyml,t1_hwzgwr7,UCSantaBarbara,https://old.reddit.com/r/UCSantaBarbara/comments/ssivmc/plants/hwzvyml/,,,
133,KTdid88,"Munger hall building plans have been a conversation for the last 5-10 years, it's not a reaction to the last 2. The fact that plans are finally moving forward (plus how much attention it's gotten) might be expedited because of the last year and current housing issues, but is not a direct correlation to the admission acceptance rate of the fall 2020 or 2021 classes (which were both through very unknown covid periods.)",2022-02-11 22:51:07+00:00,t1_hwkibcp,t1_hwke5nz,UCSantaBarbara,https://old.reddit.com/r/UCSantaBarbara/comments/sq7drx/this_school_went_from_29_acceptance_rate_to_40/hwkibcp/,,,
134,somewhereunderneath,"I mean we only get negative stuff when something major happens (eg pass time, munger hall). Most of the times it's very neutral and positive. Just because we're better off than others doesn't mean we aren't entitled to complaints when there are bad policies affecting us. 

Just my 2 cents",2022-02-10 15:54:22+00:00,t1_hwdp3ur,t3_sp9fti,UCSantaBarbara,https://old.reddit.com/r/UCSantaBarbara/comments/sp9fti/complaining/hwdp3ur/,,,
135,GrassyKnoll95,"""What are windows?"" is a question often asked by longtime Munger Hall residents",2022-02-10 10:08:18+00:00,t1_hwclqbs,t1_hwbxr19,UCSantaBarbara,https://old.reddit.com/r/UCSantaBarbara/comments/soya1h/looks_like_munger_hall_made_it_onto_jeopardy/hwclqbs/,,,
138,schnorp_oboy,"As far as I can tell, the Munger incident is ongoing: https://sam.ucsb.edu/campus-planning-design/current-projects/munger-hall.",2022-02-10 01:14:00+00:00,t1_hwb099y,t1_hw9xmxo,UCSantaBarbara,https://old.reddit.com/r/UCSantaBarbara/comments/somqzj/im_sick_and_tired_of_this_administration_yall/hwb099y/,,,
141,pwnd32,"Ah come on this is UCSB we‚Äôre talking about, they‚Äôre probably using that money to fund Munger Hall",2022-01-27 18:24:12+00:00,t1_hugz37f,t3_se3khi,UCSantaBarbara,https://old.reddit.com/r/UCSantaBarbara/comments/se3khi/anyone_know_if_ucsb_is_doing_this_too/hugz37f/,,,
142,mebrusta1234,You will get put into a cannon and shot into Munger Hall at the behest of Charles Munger himself.,2022-01-24 22:27:15+00:00,t1_hu2vo9z,t3_sbudlg,UCSantaBarbara,https://old.reddit.com/r/UCSantaBarbara/comments/sbudlg/what_happens_if_i_hold_off_on_duo_till_tmrw/hu2vo9z/,,,
143,andyinnie,Holy shit it‚Äôs munger hall,2022-01-24 21:11:22+00:00,t1_hu2joln,t1_hu235n0,UCSantaBarbara,https://old.reddit.com/r/UCSantaBarbara/comments/sbsu9f/mfa_with_duo_to_log_into_student_health/hu2joln/,,,
145,mungerhall,"&gt;*First they tried to make Munger Hall, and I did not speak out‚Äî*

Spit it out buddy, what are you trynna say?",2022-01-23 00:57:30+00:00,t1_httfpu7,t3_saftyo,UCSantaBarbara,https://old.reddit.com/r/UCSantaBarbara/comments/saftyo/time_for_a_revolution/httfpu7/,,,
148,ArksOfDOOM,"This supports my theory that Chancellor Yang is a secret genetic hybrid of Denis Prager and Charles Munger, and Henry Yang wearing a high quality Henry Yang mask developed by the new Engineering building in order to jumpstart a new cellular fusing division funded and ran in Charles Munger's basement in order to jumpstart an immediate mass production of Red Markers to prevent anything from stopping the creation of a Brethren Moon. Revealing that Yang was a Necromorph this entire time, brought from an alternate universe in an experiment to cross into an alternate universe where the Engineers of UCSB and their technology went missing, with nothing but a single survivor found from a Universe conquered by the Necromorphs, now he seeks to bridge our universe with his and bring an end to the multiverse as we know it. Using the fake identity as an alias for this universe and shaking any suspicion from his true intentions by wreaking havock on campus life. Munger Hall will house the Black Marker beneath it's foundation.",2022-01-21 22:54:05+00:00,t1_htnxf8m,t3_s9ew6j,UCSantaBarbara,https://old.reddit.com/r/UCSantaBarbara/comments/s9ew6j/amidst_a_pandemic_uc_regents_increases_salary_for/htnxf8m/,,,
149,Collegecakes,only for future munger hall inhabitants,2022-01-21 22:49:07+00:00,t1_htnwmlj,t1_htnq6zm,UCSantaBarbara,https://old.reddit.com/r/UCSantaBarbara/comments/s9lksi/uc/htnwmlj/,,,
150,Empress_Of_Shit,I'm glad our tuition bump is going to someone who deserves it. Keep working on Munger hall and sending out announcements about in person/online instruction last minute; Yang is so irreplaceableüíï.,2022-01-21 20:03:51+00:00,t1_htn5eow,t3_s9ew6j,UCSantaBarbara,https://old.reddit.com/r/UCSantaBarbara/comments/s9ew6j/amidst_a_pandemic_uc_regents_increases_salary_for/htn5eow/,,,
151,semaforic,"With the debacle of Munger Hall, the housing crisis, and botched communication about retuning in person, do you think Daddy Yang deserve a raise?",2022-01-21 16:50:54+00:00,t1_htm9v5h,t3_s9ew6j,UCSantaBarbara,https://old.reddit.com/r/UCSantaBarbara/comments/s9ew6j/amidst_a_pandemic_uc_regents_increases_salary_for/htm9v5h/,,,
154,squavo123,to munger hall with you,2022-01-20 12:00:45+00:00,t1_htg5hfs,t3_s8d7yh,UCSantaBarbara,https://old.reddit.com/r/UCSantaBarbara/comments/s8d7yh/what_will_happen_if_i_drop_to_11_units/htg5hfs/,,,
156,secret_someones,Clearly you have no idea what your talking about. Ucsb is not funding munger hall so that has no connection to their care for students. But when you cant find housing you also whine. Just admit youre nitpicking for clout.,2022-01-16 17:01:45+00:00,t1_hsx49n4,t3_s4qd7f,UCSantaBarbara,https://old.reddit.com/r/UCSantaBarbara/comments/s4qd7f/lets_be_honest_about_ucsbs_reaction_to_the/hsx49n4/,,,
157,KTdid88,"Just have to point out that munger hall building plans have been designed and discussed for the last 5 years. There really is not correlation between pandemic situation and munger halls planned existence. The two really have no relation since your post title is about pandemic response but this whole thing is really more about the dorm. (I don‚Äôt support it‚Äôs design at all, it‚Äôs stupid as hell. Just saying.)",2022-01-15 19:38:02+00:00,t1_hssy8eg,t3_s4qd7f,UCSantaBarbara,https://old.reddit.com/r/UCSantaBarbara/comments/s4qd7f/lets_be_honest_about_ucsbs_reaction_to_the/hssy8eg/,,,
160,pconrad0,"I don't represent the whole faculty; I'm just one individual faculty member and I speak only for myself.

I can share though that the faculty senate had a ""town hall"" meeting about Munger Hall with Chancellor Yang and many serious concerns were raised.",2022-01-14 14:57:40+00:00,t1_hsmvbyy,t1_hsmlqfa,UCSantaBarbara,https://old.reddit.com/r/UCSantaBarbara/comments/s3htss/the_dark_side_of_density_the_tragic_emergence_of/hsmvbyy/,,,
164,alwaysrandom77,"Still so much uncertainty‚Ä¶ I‚Äôm personally very frustrated with the lack of leadership in making a clear cut decision. Even if some of professors do decide they would like to go back to in person instruction, as a student there is added pressure to feel like you should return to campus. And I know there will be accommodations as mentioned in the email for those who don‚Äôt, however who knows how good the accommodations will be‚Ä¶ I mean isn‚Äôt munger hall an accommodation/solution to the housing crisis..? And many professors probably don‚Äôt want to deal with online and in person. Anyways I feel like for those students that do return to campus obviously have a high risk of being exposed to covid as there are record cases each day and this would probably just increases the universities cases, pushing the need for online even more‚Ä¶",2022-01-09 00:57:45+00:00,t1_hrunkzv,t3_rze2sc,UCSantaBarbara,https://old.reddit.com/r/UCSantaBarbara/comments/rze2sc/update_on_winter_quarter/hrunkzv/,,,
166,Claymortality,Munger hall is a good one but I doubt a admin would do it. Maybe Raccoon ü¶ù upvote skunk downvote ü¶®,2022-01-07 00:14:05+00:00,t1_hrketyq,t1_hrj9upv,UCSantaBarbara,https://old.reddit.com/r/UCSantaBarbara/comments/rx10y8/uc_davis_is_forcing_in_person_learning_starting/hrketyq/,,,
167,Courtsee,"You know, I'm glad that UCSB decided to make Munger Hall. It'll make it easier to attend class from the Asylum.",2022-01-06 23:52:35+00:00,t1_hrkbm7f,t3_rxcm1o,UCSantaBarbara,https://old.reddit.com/r/UCSantaBarbara/comments/rxcm1o/proposed_munger_hall_redesign_to_boost_student/hrkbm7f/,,,
168,ImmaturePickle,We should have a raccoon ü¶ù upvote and a munger hall downvote change my mind,2022-01-06 19:57:42+00:00,t1_hrj9upv,t1_hrfjgqu,UCSantaBarbara,https://old.reddit.com/r/UCSantaBarbara/comments/rx10y8/uc_davis_is_forcing_in_person_learning_starting/hrj9upv/,,,
171,PardonTheSuit,"Nothing happened, but quoting from a Chronicle article:  

&lt;p&gt;It‚Äôs 2 a.m., and a fire has broken out at Munger Hall at the University of California at Santa Barbara. The building‚Äôs 4,500 undergraduate residents stream down its 11 stories through more than a dozen fire exits and crowd shoulder-to-shoulder on the building‚Äôs small lot, where they‚Äôre hemmed in by streets, a police station, and a fire station that‚Äôs attempting to maneuver a half-dozen fire trucks and their hoses into position.&lt;/p&gt;

&lt;p&gt;Rob Hazard, the fire marshal of Santa Barbara County, described that scenario on Tuesday in a phone call with &lt;i&gt;The Chronicle&lt;/i&gt; in which he outlined his misgivings about the proposed 1.68-million-square-foot dormitory. Finding places for evacuated students to go, where they won‚Äôt be in the way of public-safety crews, is just one of the challenges posed by the project, which, if built, would be one of the densest residential-housing units on the planet.&lt;/p&gt;",2022-01-06 06:44:53+00:00,t1_hrglxih,t1_hrgj27n,UCSantaBarbara,https://old.reddit.com/r/UCSantaBarbara/comments/rx46nc/just_heard_about_munger_hall/hrglxih/,,,
175,Huge-Bet5200,Munger Hall wishes it could be as awful for mental health and as degrading to UCSB students as Ravat is.,2022-01-02 22:08:05+00:00,t1_hqzo6wh,t3_rufuec,UCSantaBarbara,https://old.reddit.com/r/UCSantaBarbara/comments/rufuec/who_are_the_best_and_worst_pstat_120_professors/hqzo6wh/,,,
199,anyatfan,"Between the way the pandemic was handled, the housing crisis was handled, and Munger Hall, I think it's safe to say this school prioritizes money over students' mental healths. We gotta keep on our toes.",2021-12-22 16:33:30+00:00,t1_hpkmjtc,t1_hpkj2nc,UCSantaBarbara,https://old.reddit.com/r/UCSantaBarbara/comments/rluyz5/when_taylor_swift_said_i_think_ive_seen_this_film/hpkmjtc/,,,
211,bestieboo123,"it‚Äôs my last year üòçüòçüòç idk what y‚Äôall are so mad for, it‚Äôs literally my opinion and preference üòÇ pretending like ucsb has been the best school even though they won‚Äôt offer online classes to students who are victims of the housing crisis and won‚Äôt do anything about munger hall but ok!",2021-12-12 17:19:22+00:00,t1_ho9o49b,t1_ho9nixm,UCSantaBarbara,https://old.reddit.com/r/UCSantaBarbara/comments/re7o03/are_people_staying_over_break_or_did_everyone/ho9o49b/,,,
212,Ok-Direction-1264,"Yeah but Michigan has cold weather, UCSB has exactly zero cold days per year so you could literally do nothing but sleep in the munger hall and spend all day outside, on campus, in the library, etc.",2021-12-11 09:39:06+00:00,t1_ho3q8pq,t3_qkmp5h,UCSantaBarbara,https://old.reddit.com/r/UCSantaBarbara/comments/qkmp5h/i_was_a_university_of_michigan_student_who_lived/ho3q8pq/,,,
213,Randyblob,"Invest in this Munger Hall inverse ETF. It‚Äôs been consolidating after the initial news of Munger Hall being built. It‚Äôs currently trading just above my support line at 69,420 dollars. Looking to make a double bottom to the upside.",2021-12-10 18:03:05+00:00,t1_ho0itd3,t3_rd43m1,UCSantaBarbara,https://old.reddit.com/r/UCSantaBarbara/comments/rd43m1/inverse_munger_hall/ho0itd3/,,,
215,AdvancedTip1672,"I agree, except I‚Äôd say social scene is at least good enough.

Surroundings are nice and there‚Äôs lots to do for everyone, imo. Dining hall food is dining hall food, good enough for the most part. Some good meals some bad, depends on the time of day, dining hall, and day of the week. I like DLG Breakfast, Portolla and Ortega Lunch, and I‚Äôve only had Portolla dinner which is pretty shitty tbh.

Overall I‚Äôd say it‚Äôs a pretty good all around school/environment. 

The biggest flaw I‚Äôve noticed, which other schools probably don‚Äôt have, is admin. As far as I can tell, they suck at their jobs. Theres not enough access cards, not enough housing, not enough spots in some classes, stupid covid restrictions (daily quiz, no ice cream machines), munger hall, and other annoying stupid ass decisions that baffle, frustrate, and stress out the student body. A lot of that won‚Äôt have a huge direct impact on you but, for me at least, it adds a lingering sense of chaos and stress which is never pleasant.",2021-12-10 08:03:41+00:00,t1_hnypn6f,t1_hnyo11z,UCSantaBarbara,https://old.reddit.com/r/UCSantaBarbara/comments/rd1qwb/prospective_transfer_needing_info/hnypn6f/,,,
220,lostdiscoball,this is one of the issues munger hall seeks to resolve,2021-12-06 22:01:32+00:00,t1_hniiwdp,t1_hnihccc,UCSantaBarbara,https://old.reddit.com/r/UCSantaBarbara/comments/rahfui/why_dont_you_go_to_office_hours/hniiwdp/,,,
223,flacdada,"I sort of agree and disagree. 

Some chem, physics and math homework questions are like. 

Using a model derive a function b(t) that describes daddy yang's schlong reaching full mast whenever munger hall gets mentioned. 

Other professors will be like.

 starting with a rigid rod and a blood flow function f(t) give an expression for daddy yang's schlong elongating when hearing about munger hall.

a) if daddy yang's heart beats at x BPM with a sawtooth wave function f(t) for flow derive the schlong blood flow function if his schlong is y inches long. 

B) the rate of daddy yang's schlong is proportional to the blood flow. 

All the way to 

F) now combine parts b and e to derive the true daddy yang schlong elongation rate. 



It's a more guided approach to a longer question that doesn't force people to get bogged down in the specifics. It's easier. 

And other times they are spending time on a single dataset or whatever. So a single question night be 7-8 parts long but they all have partial credit and are small questions individually.",2021-12-05 21:06:19+00:00,t1_hndfn23,t3_r9maw0,UCSantaBarbara,https://old.reddit.com/r/UCSantaBarbara/comments/r9maw0/unpopular_opinion_a_homework_problem_with_parts_a/hndfn23/,,,
246,placidcarrot,I actually don‚Äôt support munger hall either (for budget reasons) but the ppl who organized that rally were the leftist student groups.,2021-12-01 18:14:08+00:00,t1_hmtoz0m,t1_hmrxc06,UCSantaBarbara,https://old.reddit.com/r/UCSantaBarbara/comments/r617r5/stop_complaining_about_masks_and_vaccines_in_the/hmtoz0m/,,,
248,placidcarrot,same goes for the student groups on your side complaining about Munger Hall outside the library and shouting very loudly. That protest 3 weeks ago was incredibly annoying and distracting.,2021-12-01 05:03:45+00:00,t1_hmrdyvs,t3_r617r5,UCSantaBarbara,https://old.reddit.com/r/UCSantaBarbara/comments/r617r5/stop_complaining_about_masks_and_vaccines_in_the/hmrdyvs/,,,
252,flacdada,"HELLO UCSB ADMISSIONS OFFICER. 

DID YOU KNOW I GOT INJURED WHEN I GOT A DAMN A+ ON MY BC CALC EXAM AND THEN DIED? WELL NOW YOU DO. 

UCSB IS A SHIT SCHOOL AND I AM A SHITHEAD TOO

A MOL OF PEOPLE REVIEWED THIS ESSAY SO IT MUST BE GOOD. I WAS A POET AND DIDN""T EVEN KNOW IT. 

DID I NOT MENTION I HAVE A 10.0 GPA? WELL I DO ITS NOT POSSIBLE BUT I DO MY HIGH SCHOOL TEAHCERS GOT TAUGHT BY ME!!!!

&amp;#x200B;

I AM YOUR HOMEY UCSB ACCEPT ME, I TOTALLY WON'T GO TO VANDERBUILT BECAUSE I BUILT VANDERBUILT WITH MY BARE HANDS SO I CALL IT VANDERBUILT AND I WILL BUILD MUNGER HALL WITH MY PINKY IN MY SPARE TIME UCSB. I WILL MAKE ALL YOUR STUDNETS MORE MISERABLE. I AM THE PERFECT STUDENT UCSB.",2021-11-28 06:44:19+00:00,t1_hmdfu4w,t3_r3vce8,UCSantaBarbara,https://old.reddit.com/r/UCSantaBarbara/comments/r3vce8/the_higher_the_prestige_the_more_essays_matter/hmdfu4w/,,,
256,impliedhearer,"Sometimes taking a step back is a really wise decision! 

It's really easy to withdrawal, links are attached. And as long you are in good standing (2.0 and no fees due) you can very easily return to UCSB in the future by filling out a readmission form. If you have under a 2.0 it would be a reinstatement and requires a letter.... isn't a guarantee but there is always path back. 

&amp;#x200B;

My advice would be to take GE's at the CC, not classes for your major. And make sure to speak with a counselor in your college before hand.

[https://registrar.sa.ucsb.edu/registration-enrollment/registration-enrollment/withdraw-from-the-university](https://registrar.sa.ucsb.edu/registration-enrollment/registration-enrollment/withdraw-from-the-university)

&amp;#x200B;

[https://registrar.sa.ucsb.edu/registration-enrollment/registration-enrollment/readmission-reinstatement](https://registrar.sa.ucsb.edu/registration-enrollment/registration-enrollment/readmission-reinstatement)

Pretty sure you will lose your housing though but maybe talk your RA or RC. You could always wait 5 years and stay in Munger Hall lol

&amp;#x200B;

All best, you got this",2021-11-23 21:26:02+00:00,t1_hlthxg3,t3_r0lscg,UCSantaBarbara,https://old.reddit.com/r/UCSantaBarbara/comments/r0lscg/how_does_taking_a_leave_of_absence_work/hlthxg3/,,,
257,aglguy,Build munger hall,2021-11-23 03:28:15+00:00,t1_hlq4idl,t3_r037kl,UCSantaBarbara,https://old.reddit.com/r/UCSantaBarbara/comments/r037kl/how_piss_off_everyone_in_this_university_for_fun/hlq4idl/,,,
258,anyatfan,Sailor Moon would never agree to Munger Hall though,2021-11-23 03:14:28+00:00,t1_hlq2sq6,t3_qzey6j,UCSantaBarbara,https://old.reddit.com/r/UCSantaBarbara/comments/qzey6j/sailor_scout_yang_courtesy_of_me/hlq2sq6/,,,
262,semaforic,I‚Äôm waiting for Munger Hall to show up on GS,2021-11-18 22:23:06+00:00,t1_hl6fpkc,t3_qx10g6,UCSantaBarbara,https://old.reddit.com/r/UCSantaBarbara/comments/qx10g6/todays_gauchospace_photoblock_great_shot_poignant/hl6fpkc/,,,
273,AdvancedTip1672,"I didn‚Äôt say to use the donors money to fix Wi-Fi. I said to use the money saved by the school, thanks to the donor, to fix Wi-Fi. Here‚Äôs an example:

The school has $10 and wants to buy a new building for $8 and wants to fix the Wi-Fi for $4. They need $2 which they will try to raise funding for through one of two ways:

Option 1: ask donors for $2 to fix Wi-Fi.

Option 2: ask donors for $2 for a building which they can put their name on.

Which do you think is more attractive to a donor? If you were the school which would you pick to make it more likely you get the $2 you need? Either way they now have $12 and can buy both. 

If option 1 they can use the $2 from the donor and $2 of their own to fix Wi-Fi and still have $8 leftover to build the building. If option 2 they can use the $2 from the donor and $6 of their own to build the building and still have $4 left over for wifi.

Either way their complying with their restrictions are they not? I don‚Äôt understand how people can complain about FREE MONEY. Would you rather have $10 or $12? The building needs to get built and wifi needs to get fixed.

PS: Munger hall sucks ass and I don‚Äôt advocate for it at all. It‚Äôs free money but the building sucks ass. Buildings need to get built, *his* building does not. Most donors don‚Äôt care about architectural plans as long as their name is on it.",2021-11-15 21:59:24+00:00,t1_hkrvxa9,t1_hkrr8gg,UCSantaBarbara,https://old.reddit.com/r/UCSantaBarbara/comments/qublum/wifi/hkrvxa9/,,,
275,gb0n,"This should be the elevator music in Munger hall. 24/7/365:

https://youtu.be/v9NQYKv2rTg",2021-11-14 11:42:58+00:00,t1_hkksx2m,t3_qthur6,UCSantaBarbara,https://old.reddit.com/r/UCSantaBarbara/comments/qthur6/give_me_your_most_unpopular_ucsb_opinions/hkksx2m/,,,
278,short_term_scotch,Preview of munger hall freshmen being forced to cook,2021-11-13 18:05:38+00:00,t1_hkhd453,t3_qsrbu6,UCSantaBarbara,https://old.reddit.com/r/UCSantaBarbara/comments/qsrbu6/new_iv_recipe_butter_dog/hkhd453/,,,
280,SargisH,To munger hall with you,2021-11-13 01:25:21+00:00,t1_hkeluqr,t3_qspiox,UCSantaBarbara,https://old.reddit.com/r/UCSantaBarbara/comments/qspiox/missed_random_covid_test/hkeluqr/,,,
281,mattskee,"Ah yes, because existence of one problem, vis-√†-vis unhomed students, means that we should immediately cease all work to address other unhomed persons. 

If you are living in your car, and really want to live in a shelter you can always see what it takes to get in. This type of shelter aims to be temporary, a transition to getting people into more permanent housing. It states a 50 person capacity, with 19 bedrooms and 6 bathrooms - so  basically mostly triples, and a slightly worse bathroom to resident ratio than Munger Hall.   If that sounds like your cup of tea you should apply.",2021-11-12 16:01:53+00:00,t1_hkcgein,t1_hkb235k,UCSantaBarbara,https://old.reddit.com/r/UCSantaBarbara/comments/qrwlr8/santa_barbara_county_purchases_63_million/hkcgein/,,,
284,celery19,munger hall,2021-11-10 23:26:47+00:00,t1_hk4tx2g,t3_qr5963,UCSantaBarbara,https://old.reddit.com/r/UCSantaBarbara/comments/qr5963/cool_hangout_spots/hk4tx2g/,,,
285,ErickV_52,"Wow, the amount of bullshit coming out of the UCSB admin this year is unheard of. They had plenty while I was around, but this year they decided to break their PRs. I‚Äôve been saying how this school is shit but yet mf blind followers keep downvoting me. Like what else do you need to see the reality of things? The admin to approve ANOTHER Munger Hall? Sorry to all that were deceived like me into going to this school. But like me, you‚Äôll make it out, i promise.",2021-11-10 17:27:37+00:00,t1_hk3ba7z,t3_qqlhmm,UCSantaBarbara,https://old.reddit.com/r/UCSantaBarbara/comments/qqlhmm/i_feel_so_screwed_with_the_10_unit_cap/hk3ba7z/,,,
286,The-HamburgIar,"Ima start by saying that I don‚Äôt support munger hall. 

You all sound like dumbasses, you torch munger hall, but offer no counter solution to the housing problem. It seems at times everyone would prefer the current shit show with housing and be literally homeless or pay insane rental rates than let the school try and solve it. Instead of having a circle jerk about how bad the design of munger hall is, come up with a better solution to the housing crisis.",2021-11-10 16:09:44+00:00,t1_hk2zalz,t3_qqefej,UCSantaBarbara,https://old.reddit.com/r/UCSantaBarbara/comments/qqefej/the_anticapitalist_league_picked_up_on_the_munger/hk2zalz/,,,
292,Background-Mall7268,Munger hall sucks but your point does too. All buildings here have a backup generator,2021-11-09 06:10:15+00:00,t1_hjwmr2x,t3_qphdwb,UCSantaBarbara,https://old.reddit.com/r/UCSantaBarbara/comments/qphdwb/imagine_if_you_will/hjwmr2x/,,,
295,Forensicswaifu,munger hall damage control psyop,2021-11-08 20:54:58+00:00,t1_hjumjcs,t3_qpkl34,UCSantaBarbara,https://old.reddit.com/r/UCSantaBarbara/comments/qpkl34/whoever_put_these_up_i_love_you_lol/hjumjcs/,,,
319,Horseshoe_Crab,"It's not just the windows. The real reason is that Munger Hall is an example of UCSB being run like a business at the expense of the quality of the student experience. The lack of windows is a talking point because it contrasts what students love about UCSB ‚Äî great social life, central coast beaches ‚Äî versus what the university is providing: cramped singles with a prison-like layout and no natural light.

I'm actually not sure Munger Hall gives opportunity for more underprivileged people to attend UCSB, it just gives the opportunity for more people to attend UCSB, full stop. Remember, the housing crisis was *created* by the university administration. The university gets more money from having more students, especially out-of-state and international students that pay higher tuition. Munger Hall is a way for the university to get 4,500 more tuitions in their pocket without having to pay full price for the building.

The nail in the coffin, for me at least, is the way negotiations went down. Munger wants final say on the design for donating $200MM for a $1.5 billion project. That's still $1.3 billion out of pocket for the residence hall, you're telling me there's no better way that money could be spent on a design more in line with what the students, who will actually have to live there, want? I hate that my school is being bought out by the highest bidder. I wish the administration was strong enough to say ""we are a public university with an obligation to our students, we cannot accept a donation with large strings attached"".

By building Munger Hall, the university is saying ""we don't care about finding the best solution; we dug ourselves into a hole and want the cheapest and quickest way out"". And that's why people are mad.",2021-11-06 11:35:16+00:00,t1_hjjeoe7,t1_hjj85r6,UCSantaBarbara,https://old.reddit.com/r/UCSantaBarbara/comments/qnnatd/photos_from_munger_hall_protest/hjjeoe7/,,,
322,natetreefrog,munger hall must fall,2021-11-06 02:42:17+00:00,t1_hji4dzi,t1_hjhyef5,UCSantaBarbara,https://old.reddit.com/r/UCSantaBarbara/comments/qnnatd/photos_from_munger_hall_protest/hji4dzi/,,,
325,Prothean051,can‚Äôt wait for the munger hall map pack,2021-11-05 22:08:16+00:00,t1_hjh2ygd,t3_qnjlgf,UCSantaBarbara,https://old.reddit.com/r/UCSantaBarbara/comments/qnjlgf/a_recent_post_on_here_reminded_me_of_something/hjh2ygd/,,,
326,Anti-Munger,"Hi! We are a new RCO at UCSB called Students for Equitable Housing. Our primarily focus is to stop Munger Hall from being constructed, and we already have a specific plan to go through the bureaucratic process and bring Munger to a halt. 

Our first meeting is this Monday (11/8) at 5:00 pm in Phelps Hall Room 1160. Come join us and help take the monstrosity that is Munger Hall down!

Costco pizza and waters will be provided!",2021-11-05 20:27:27+00:00,t1_hjgn77g,t3_qnjmmj,UCSantaBarbara,https://old.reddit.com/r/UCSantaBarbara/comments/qnjmmj/join_us_for_our_kickoff_meeting/hjgn77g/,,,
328,NLJ0246,Love Munger Hall,2021-11-05 15:15:08+00:00,t1_hjfa4o1,t3_qmwuhl,UCSantaBarbara,https://old.reddit.com/r/UCSantaBarbara/comments/qmwuhl/vote_no_on_munger_hall/hjfa4o1/,,,
334,turquoiseharmonicas,The article says two bathrooms per eight people: https://www.news.ucsb.edu/2021/020455/munger-hall-qa,2021-11-05 00:40:47+00:00,t1_hjcu86i,t1_hjcdrgk,UCSantaBarbara,https://old.reddit.com/r/UCSantaBarbara/comments/qmutcb/the_ucsb_and_yang_public_relations_machine_is/hjcu86i/,,,
336,semaforic,***Tickets to live in Munger Hall***,2021-11-04 21:50:47+00:00,t1_hjc696g,t3_qmvbep,UCSantaBarbara,https://old.reddit.com/r/UCSantaBarbara/comments/qmvbep/ayo_not_again/hjc696g/,,,
341,DaBaconKing,They lock you inside Munger Hall forever,2021-11-04 08:42:14+00:00,t1_hj9cuec,t3_qli9pk,UCSantaBarbara,https://old.reddit.com/r/UCSantaBarbara/comments/qli9pk/what_happens_to_housing_if_you_dip_below_twelve/hj9cuec/,,,
344,TonyIsMyHero,"I don‚Äôt blame ya‚Ä¶Munger Hall floor plan looks like something right out an escape room movie, or worse, a solitary confinement psych ward.",2021-11-04 00:33:33+00:00,t1_hj80x44,t1_hj80097,UCSantaBarbara,https://old.reddit.com/r/UCSantaBarbara/comments/qly59d/yall_calling_munger_hall_a_prison_as_if_they_dont/hj80x44/,,,
355,gamingvalue,"CBS: Proposed UC Santa Barbara dorm faces criticism over lack of windows  
SAVE OUR STUDENTS FROM PRISON!!

**""It's not too late for the university and the leaders of the UC system to choose a better approach to student housing than the dangerous design of Munger Hall,"" McFadden wrote.**

**The project still needs approval from the UC Board of Regents and the California Coastal Commission, according to CBS Los Angeles.**

https://www.cbsnews.com/news/university-of-california-santa-barbara-windowless-dorms/",2021-11-03 16:05:38+00:00,t1_hj5w3nj,t3_ql6oi1,UCSantaBarbara,https://old.reddit.com/r/UCSantaBarbara/comments/ql6oi1/dear_uc_santa_barbara_dont_let_a_petulant/hj5w3nj/,,,
357,Drea937,[Article from a grad student](https://slate.com/news-and-politics/2021/11/ucsb-munger-hall-windowless-dorm-privatization-public-space.amp),2021-11-03 07:15:10+00:00,t1_hj4cxim,t3_ql9458,UCSantaBarbara,https://old.reddit.com/r/UCSantaBarbara/comments/ql9458/i_wonder_what_the_ucsb_history_of_art_and/hj4cxim/,,,
362,Deerfield1797,Locked in Munger Hall until you graduate,2021-11-03 01:38:42+00:00,t1_hj3cawz,t3_qljdt9,UCSantaBarbara,https://old.reddit.com/r/UCSantaBarbara/comments/qljdt9/what_happens_if_you_dont_get_a_green_badge_from/hj3cawz/,,,
367,mattskee,"I don't really know. Part of an alternative might have been to build higher density in the preceding years... the most recent undergrad dorm built by the University is Manzanita Village. Compare that with the Munger megadorm. The two projects are lightyears apart in density and design philosophy. 

UCSB is somewhat painted into a corner, but building a bad project to get out of it is not the answer. Maybe they need to go back to the state and lower the enrollment cap. Or ask the state for funds to build housing in a way that is in character with the campus and will support the students in their education.

OR, if they do want to go through with this unproven concept... they need to actually study if it works, i.e. if it leads to poor outcomes for a lot of the students. So at the very minimum if this building is a $1.5B mistake, negatively impacting some fraction of 4500 students per year for decades, they should find out and not repeat it on other UC campuses if it was a mistake.  Of course that will never happen, big organizations never make mistakes (or at least never want to find out that they did).

That's one big issue with UM's Munger Hall: it doesn't seem as if they studied if it led to good outcomes. Because UM's Munger Hall exists, whether or not it worked well, it's being used as a justification for UCSB's Munger dorm.",2021-11-02 19:28:29+00:00,t1_hj1sphx,t1_hj14wmv,UCSantaBarbara,https://old.reddit.com/r/UCSantaBarbara/comments/ql6oi1/dear_uc_santa_barbara_dont_let_a_petulant/hj1sphx/,,,
370,Cautious-Detective93,"Except in 2018-2019, Munger bought for 70+ million dollars the 1800-acre Las Varas ranch, just up the road past Winchester Canyon and donated it to UCSB. The Coastal Commission had been worried that the 2 miles of beach and all the adjoining area would be developed. Now UCSB holds it in perpetuity. The Coastal Commission might remember that and look the other way for Munger Hall...",2021-11-02 13:58:26+00:00,t1_hj0fpt8,t3_qkxui1,UCSantaBarbara,https://old.reddit.com/r/UCSantaBarbara/comments/qkxui1/munger_hall_and_the_coastal_commission/hj0fpt8/,,,
375,dumbbitchjuiceeex,"THIS! Or Cola! Each day at UC I‚Äôm more grossed out by the cost measures they take no matter how much it hurts us. Not giving us our CARE money, the cops for Halloween the list goes on and on and on and on meanwhile the few things they do offer us are shit stains like Munger Hall.",2021-11-01 22:38:50+00:00,t1_hixw910,t1_hixg0pc,UCSantaBarbara,https://old.reddit.com/r/UCSantaBarbara/comments/qkf2ig/my_boy_munger_doesnt_care_about_our_opinions_so/hixw910/,,,
378,Akito_671,Munger Hall could never,2021-11-01 00:15:12+00:00,t1_hittet7,t3_qjxise,UCSantaBarbara,https://old.reddit.com/r/UCSantaBarbara/comments/qjxise/i_meanlook_at_those_windows/hittet7/,,,
379,anyatfan,Munger Hall is a health hazard (both physically and mentally) for those living there. Tuition is way too expensive to live so inhumanely,2021-10-31 21:51:56+00:00,t1_hitc6sy,t3_qjwxs7,UCSantaBarbara,https://old.reddit.com/r/UCSantaBarbara/comments/qjwxs7/rally_against_munger_hall_and_the_hotel_evictions/hitc6sy/,,,
392,steveaspesi,it's only 15% of the total price tag.  I'd  opt to build a smaller version of Munger Hall using only his $200 million.   Even the roof top looks inward while completely ignoring views of the channel islands and the SB mountains.  Munger is out of touch.,2021-10-30 21:31:03+00:00,t1_hiowv91,t1_hin0psd,UCSantaBarbara,https://old.reddit.com/r/UCSantaBarbara/comments/qilzs0/to_be_fair_the_rooms_from_munger_hall_is_only/hiowv91/,,,
394,EngineeringLarge662,It‚Äôs also on cnn! https://www.google.com/amp/s/amp.cnn.com/cnn/2021/10/29/business/ucsb-munger-hall/index.html,2021-10-30 18:26:31+00:00,t1_hio7i5v,t3_qj5lro,UCSantaBarbara,https://old.reddit.com/r/UCSantaBarbara/comments/qj5lro/the_munger_monstrosity_made_it_into_the/hio7i5v/,,,
401,69420chlo69420,"My entire perspective on UCSB has changed because of this honestly. I‚Äôm appalled and ashamed that our university would even entertain this idea, let alone actually accept it‚Ä¶.. munger hall is that hideous monstrosity being built next to the library right now, right? or is that just another terrible idea",2021-10-30 12:55:45+00:00,t1_himz17y,t3_qgcx6h,UCSantaBarbara,https://old.reddit.com/r/UCSantaBarbara/comments/qgcx6h/dennis_mcfadden_consulting_architect_of_the/himz17y/,,,
406,Horseshoe_Crab,"Excellent post, thanks for taking the time to write this.

&gt; So I‚Äôve got a challenge to the State of California - put up the remaining $1.3 billion, give the People of California control of this needed housing project, and allow it to be built in a way that best serves students, the surrounding community, and still meets the very real housing needs we have.

I completely agree, and I find it baffling that this option has not even been entertained by the people advocating for Munger Hall.

Do you have the video for the UMich Munger Hall tour?",2021-10-30 08:04:10+00:00,t1_himbg4e,t3_qiu48u,UCSantaBarbara,https://old.reddit.com/r/UCSantaBarbara/comments/qiu48u/how_50_years_of_state_of_california_policy_led_to/himbg4e/,,,
442,bietchez,"Students: we need housing! 
UCSB: munger hall.
Students: no!",2021-10-29 20:25:01+00:00,t1_hik47a8,t3_qhznn7,UCSantaBarbara,https://old.reddit.com/r/UCSantaBarbara/comments/qhznn7/architect_resigns_in_protest_over_ucsb_megadorm/hik47a8/,,,
443,PepeIlluminati,CNN has an [article](https://www.cnn.com/2021/10/29/business/ucsb-munger-hall/index.html) on it too,2021-10-29 20:01:11+00:00,t1_hik0jfg,t1_hij94as,UCSantaBarbara,https://old.reddit.com/r/UCSantaBarbara/comments/qigfff/so_was_no_one_going_to_tell_me_we_are_trending_on/hik0jfg/,,,
445,dininghallperson,"The Overton Window is shifting on this issue. Not at Munger Hall though, they don't have windows.",2021-10-29 19:31:19+00:00,t1_hijvvps,t3_qigfff,UCSantaBarbara,https://old.reddit.com/r/UCSantaBarbara/comments/qigfff/so_was_no_one_going_to_tell_me_we_are_trending_on/hijvvps/,,,
450,lostdiscoball,really hope all this attention leads UCSB to call off Munger Hall,2021-10-29 19:01:30+00:00,t1_hijree6,t1_hijoink,UCSantaBarbara,https://old.reddit.com/r/UCSantaBarbara/comments/qigfff/so_was_no_one_going_to_tell_me_we_are_trending_on/hijree6/,,,
453,Eigenvogel,"Like, real talk: If they build this, every time a new housing development is proposed in SB people will bring up Munger hall and talk like this horrible capsule hotel represents what all dense housing is like.",2021-10-29 18:52:34+00:00,t1_hijq1mp,t1_hijkhds,UCSantaBarbara,https://old.reddit.com/r/UCSantaBarbara/comments/qhznn7/architect_resigns_in_protest_over_ucsb_megadorm/hijq1mp/,,,
463,shmoidel,Looks exactly like Munger hall at Michigan. That place is a nightmare as well,2021-10-29 16:43:36+00:00,t1_hij660k,t3_qhznn7,UCSantaBarbara,https://old.reddit.com/r/UCSantaBarbara/comments/qhznn7/architect_resigns_in_protest_over_ucsb_megadorm/hij660k/,,,
471,jazzman13,"I lived in a Munger hall at U of Michigan, with the same premise - bedrooms without windows and a large common area, and unsurprisingly it was depressing as shit!!! So glad that this iteration is being fought.",2021-10-29 13:24:49+00:00,t1_hiid0rz,t3_qhznn7,UCSantaBarbara,https://old.reddit.com/r/UCSantaBarbara/comments/qhznn7/architect_resigns_in_protest_over_ucsb_megadorm/hiid0rz/,,,
472,marcussba,"[https://sam.ucsb.edu/campus-planning-design/current-projects/munger-hall](https://sam.ucsb.edu/campus-planning-design/current-projects/munger-hall)  


I think this is the full presentation freely accessible on the UCSB website.",2021-10-29 03:48:32+00:00,t1_higzfuv,t1_higjh8g,UCSantaBarbara,https://old.reddit.com/r/UCSantaBarbara/comments/qhznn7/architect_resigns_in_protest_over_ucsb_megadorm/higzfuv/,,,
474,Possible-Reach-7154,"No, that is the new classroom building, not the Munger Hall.

Munger Hall is not yet under construction. It is slated to go across the street from the UCPD / Fire station, over by Harder Stadium.",2021-10-28 17:02:43+00:00,t1_hiei13q,t1_hiehccr,UCSantaBarbara,https://old.reddit.com/r/UCSantaBarbara/comments/qhgfwu/if_someone_were_to_hypothetically_publicly/hiei13q/,,,
475,Anti-Munger,"There is an RCO called Students for Equitable Housing that was created not to long ago to 

1.	Protest the monstrosity that is munger hall
2.	establish a commission comprised of students and faculty so make sure that everyone has a voice represented when it comes to future discussion of housing. 

Number two is especially important since it is now confirmed that all the commisions were justs farces to approve the disasterous designs of a real estate speculator. We must ensure that all people at ucsb get a fair shake when it comes to housing. 


Our kickoff meeting is soon, we just need to reserve a room and finalize some things.  Stay tuned and keep an eye out for flyers on campus which will have more information.",2021-10-28 16:37:25+00:00,t1_hiee3w5,t3_qhgfwu,UCSantaBarbara,https://old.reddit.com/r/UCSantaBarbara/comments/qhgfwu/if_someone_were_to_hypothetically_publicly/hiee3w5/,,,
476,SJshield616,"That's very interesting. I imagine Munger Hall would still need some heavy-duty air conditioning to make the interiors livable. By contrast, none of the other UC-owned dorms and apartments seem to have air conditioning units at all.",2021-10-27 23:25:51+00:00,t1_hib9yoe,t1_hi7niw5,UCSantaBarbara,https://old.reddit.com/r/UCSantaBarbara/comments/qgcx6h/dennis_mcfadden_consulting_architect_of_the/hib9yoe/,,,
477,KTdid88,So that was what the imagined proposal was and the final version is giant with none of the windows you see there. Just look up munger hall on this subreddit to find the original posts when final design was proposed.,2021-10-27 10:24:16+00:00,t1_hi8ayzx,t1_hi7o9vb,UCSantaBarbara,https://old.reddit.com/r/UCSantaBarbara/comments/qgcx6h/dennis_mcfadden_consulting_architect_of_the/hi8ayzx/,,,
478,dininghallperson,"""The largest single dormitory in the world is purportedly Bancroft Hall at the US Naval Academy. That building houses 4000 students, and is composed of multiple wings wrapped around multiple courtyards with over 25 entrances. Munger Hall, in comparison, is a single block housing 4500 students ***with two entrances.***""

&amp;#x200B;

That is insane. Who is this Munger guy?

&amp;#x200B;

[https://en.wikipedia.org/wiki/Charlie\_Munger](https://en.wikipedia.org/wiki/Charlie_Munger)

&amp;#x200B;

""Charles Thomas Munger (born January 1, **1924**) is an American billionaire investor,""

&amp;#x200B;

Tell this dinosaur to fuck off. He's not even a boomer, he's an uber-boomer. How is Kissinger and this fossil motherfucker still haunting this Earth?",2021-10-27 02:51:40+00:00,t1_hi78j5j,t3_qgcx6h,UCSantaBarbara,https://old.reddit.com/r/UCSantaBarbara/comments/qgcx6h/dennis_mcfadden_consulting_architect_of_the/hi78j5j/,,,
479,SJshield616,"God damn...I knew just by looking at the concepts that Munger Hall would be a bad idea, but I was never aware of the actual hard numbers. Mr. McFadden is right on all counts. That would be a disaster for UCSB.

On top of being an architectural trainwreck, Munger Hall makes zero sense from an engineering perspective as well. Giant buildings are great for minimizing heating costs and protecting people from the elements, which makes them great for dealing with harsh East Coast and Midwestern winters. That logic does not apply here in sunny California. Notice that every dorm and apartment here has large panoramic windows that let in plenty of natural light, and more importantly cool air flow that negate the need for expensive air conditioning. Buildings are also narrow and sprawling so they'd contain less heat and ventilate better. Munger Hall would need year-round industrial grade air conditioning that would tank our campus' environmental sustainability rating.",2021-10-26 22:15:22+00:00,t1_hi67yy5,t3_qgcx6h,UCSantaBarbara,https://old.reddit.com/r/UCSantaBarbara/comments/qgcx6h/dennis_mcfadden_consulting_architect_of_the/hi67yy5/,,,
480,buddyboys,"&gt;**Munger Hall equals a population density of 221,000 students/square mile, which would qualify it as the eighth densest neighborhood in the world**, falling just short of a portion of Dhaka, Bangladesh‚Äîwith only two points of entry/exist. **As a comparison, the student neighborhood of Isla Vista has a density of 12,400 people/square mile.** At 4500 students, **Munger Hall houses‚Äîin a single building‚Äîalmost the same population as the current undergraduate population of the Princeton University Campus,** and only 800 students less than the combined undergraduate population of the five Claremont College campuses. **The project is essentially the student life portion of a mid-sized university campus in a box.**",2021-10-26 19:01:50+00:00,t1_hi5enfb,t3_qgcx6h,UCSantaBarbara,https://old.reddit.com/r/UCSantaBarbara/comments/qgcx6h/dennis_mcfadden_consulting_architect_of_the/hi5enfb/,,,
